id,first_name,last_name,email,gender,ip_address
1,Ludvig,Carlisle,lcarlisle0@umich.edu,Male,155.0.111.165
2,Tomi,Rannigan,trannigan1@simplemachines.org,Female,69.246.239.13
3,Hershel,Bocken,hbocken2@ycombinator.com,Male,53.41.235.128
4,Ashly,MacKeeg,amackeeg3@ihg.com,Female,199.234.95.120
5,Ardisj,Gon,agon4@cnn.com,Female,215.62.117.153
6,Dex,Fanshawe,dfanshawe5@tinypic.com,Male,35.16.168.31
7,Dory,Dudley,ddudley6@elpais.com,Male,234.250.204.174
8,Eilis,Setterington,esetterington7@photobucket.com,Female,164.193.216.68
9,Dennison,Vogelein,dvogelein8@reverbnation.com,Male,6.209.100.43
10,Davin,Burburough,dburburough9@patch.com,Male,246.145.14.99
11,Dale,Pere,dperea@google.co.uk,Female,77.15.137.10
12,Byrle,Kanter,bkanterb@home.pl,Male,166.86.129.119
13,Lanae,Masarrat,lmasarratc@zimbio.com,Female,105.218.62.228
14,Terrie,Kuban,tkuband@bbc.co.uk,Female,48.190.153.101
15,Jakob,Lafoy,jlafoye@washington.edu,Male,254.16.112.9
16,Gilbertine,Paeckmeyer,gpaeckmeyerf@yandex.ru,Female,213.30.35.237
17,Mamie,Galvin,mgalving@home.pl,Female,29.86.150.79
18,Lacie,Swinburn,lswinburnh@home.pl,Female,249.252.164.61
19,Montgomery,McFetridge,mmcfetridgei@lycos.com,Male,177.170.235.6
20,Cly,Georgot,cgeorgotj@nymag.com,Male,127.201.22.42
21,Maurise,Kopman,mkopmank@elpais.com,Male,156.218.199.133
22,Bevin,Saw,bsawl@imdb.com,Male,227.230.145.184
23,Bond,Didball,bdidballm@marriott.com,Male,147.53.205.176
24,Deck,Whild,dwhildn@nba.com,Male,65.53.246.110
25,Sidonia,Amorine,samorineo@theguardian.com,Female,90.139.241.62
26,Caz,Schutze,cschutzep@yale.edu,Male,6.170.236.60
27,Kinna,Greenroyd,kgreenroydq@unblog.fr,Female,128.125.54.42
28,Chrisse,Tadlow,ctadlowr@nymag.com,Male,99.176.112.62
29,Rania,Messer,rmessers@people.com.cn,Female,96.230.4.76
30,Selestina,Shurlock,sshurlockt@wix.com,Female,226.82.167.80
31,Maurice,Rake,mrakeu@meetup.com,Male,162.44.167.227
32,Dag,Vanyakin,dvanyakinv@japanpost.jp,Male,251.235.55.217
33,Meaghan,Sterricks,msterricksw@hexun.com,Female,92.185.130.72
34,Hi,Beaufoy,hbeaufoyx@quantcast.com,Male,88.189.138.10
35,Melisent,Stainsby,mstainsbyy@wsj.com,Female,100.222.12.34
36,Ginnifer,McIlenna,gmcilennaz@sciencedaily.com,Female,127.128.242.230
37,Marta,McNabb,mmcnabb10@deviantart.com,Female,106.36.73.238
38,Gregg,Goldup,ggoldup11@surveymonkey.com,Male,198.6.174.47
39,Maxine,McClean,mmcclean12@fema.gov,Female,194.7.236.128
40,Pearla,Phizakarley,pphizakarley13@pcworld.com,Female,164.45.44.203
41,Miles,Grinikhinov,mgrinikhinov14@cnet.com,Male,121.34.159.243
42,Faunie,Neaverson,fneaverson15@cbslocal.com,Female,193.59.12.46
43,Berke,Coughtrey,bcoughtrey16@thetimes.co.uk,Male,130.47.86.157
44,Ludvig,Stapford,lstapford17@wired.com,Male,229.80.43.202
45,Spence,Prior,sprior18@ucsd.edu,Male,185.225.138.175
46,Shel,Tidey,stidey19@cdc.gov,Female,144.253.69.40
47,Bernita,Van Dijk,bvandijk1a@w3.org,Female,21.155.28.96
48,Del,Carlyon,dcarlyon1b@ed.gov,Female,91.200.155.98
49,Elnora,Bastone,ebastone1c@nytimes.com,Female,171.201.165.213
50,Ira,Franca,ifranca1d@jimdo.com,Male,31.15.74.246
51,Care,Stilgo,cstilgo1e@desdev.cn,Male,193.218.105.205
52,Gerianna,Iozefovich,giozefovich1f@nps.gov,Female,69.34.39.166
53,Jamima,Sloan,jsloan1g@1688.com,Female,184.197.49.244
54,Jere,Tompion,jtompion1h@msn.com,Female,14.238.159.112
55,Alla,Treslove,atreslove1i@census.gov,Female,127.67.241.50
56,Arvie,Faircliffe,afaircliffe1j@cyberchimps.com,Male,130.243.38.37
57,Zelig,Domico,zdomico1k@ftc.gov,Male,143.24.205.83
58,Tina,Toynbee,ttoynbee1l@salon.com,Female,52.141.210.189
59,Huntlee,Dolley,hdolley1m@gravatar.com,Male,201.102.80.38
60,Laverna,Wolvey,lwolvey1n@webs.com,Female,255.58.131.81
61,Faye,Franzettoini,ffranzettoini1o@delicious.com,Female,80.246.165.61
62,Sharon,Jean,sjean1p@ebay.com,Female,14.186.219.204
63,Daryn,Drane,ddrane1q@delicious.com,Female,92.204.160.125
64,Carree,Falkingham,cfalkingham1r@xinhuanet.com,Female,228.32.182.244
65,Merry,La Torre,mlatorre1s@comcast.net,Female,86.127.182.254
66,Christiane,Ramsay,cramsay1t@mlb.com,Female,59.207.28.81
67,Aylmer,Matherson,amatherson1u@buzzfeed.com,Male,101.118.22.142
68,Luther,Hallawell,lhallawell1v@mapy.cz,Male,164.200.185.40
69,Trefor,Tourne,ttourne1w@prlog.org,Male,133.183.223.189
70,Herold,Vinau,hvinau1x@delicious.com,Male,201.153.174.119
71,Normie,Sunter,nsunter1y@barnesandnoble.com,Male,254.240.88.40
72,Newton,Currer,ncurrer1z@walmart.com,Male,246.60.238.160
73,Bailie,Maffy,bmaffy20@multiply.com,Male,115.120.122.70
74,Elvin,Gill,egill21@paginegialle.it,Male,227.215.124.108
75,Sax,Eady,seady22@home.pl,Male,188.150.253.35
76,Verena,Attersoll,vattersoll23@odnoklassniki.ru,Female,109.238.161.65
77,Herminia,Prater,hprater24@nationalgeographic.com,Female,152.121.26.233
78,Clem,Caltera,ccaltera25@cdbaby.com,Female,85.247.245.60
79,Ralph,Davydoch,rdavydoch26@bbc.co.uk,Male,94.146.154.20
80,Liv,Game,lgame27@admin.ch,Female,60.171.160.33
81,Marj,Biagi,mbiagi28@i2i.jp,Female,217.46.147.233
82,Dollie,Eaton,deaton29@rediff.com,Female,140.9.176.157
83,Gamaliel,McGauhy,gmcgauhy2a@cnbc.com,Male,215.162.198.178
84,Mella,Hinzer,mhinzer2b@msn.com,Female,87.249.15.85
85,Maje,Bownde,mbownde2c@kickstarter.com,Male,109.101.201.163
86,Lewiss,Strewther,lstrewther2d@hhs.gov,Male,230.16.86.50
87,Megan,Hefferan,mhefferan2e@forbes.com,Female,36.114.169.108
88,Kurt,Tokell,ktokell2f@flavors.me,Male,109.122.70.26
89,Kurt,Lindelof,klindelof2g@w3.org,Male,193.249.228.156
90,Zacherie,Vidler,zvidler2h@flickr.com,Male,168.104.131.24
91,Cheslie,Stidston,cstidston2i@elegantthemes.com,Female,54.38.168.222
92,John,Ruppele,jruppele2j@cocolog-nifty.com,Male,69.39.236.144
93,Shannon,Moulster,smoulster2k@aol.com,Male,247.8.155.153
94,Gibby,Westfalen,gwestfalen2l@infoseek.co.jp,Male,16.55.132.123
95,Eada,Runcieman,eruncieman2m@apache.org,Female,41.78.67.28
96,Collen,Pecey,cpecey2n@skype.com,Female,85.125.6.175
97,Alayne,Ivanilov,aivanilov2o@bloglines.com,Female,231.187.173.31
98,Yasmeen,Squires,ysquires2p@whitehouse.gov,Female,34.153.106.197
99,Parsifal,Wicken,pwicken2q@berkeley.edu,Male,228.73.37.52
100,Veronike,Burgill,vburgill2r@slate.com,Female,111.138.75.14